<web-app>

<security-role>
 <role-name>role1</role-name>
 </security-role>
 
    <security-constraint>
		<web-resource-collection>
			<web-resource-name>JSPBook</web-resource-name>
			<url-pattern>/ch10/security01.jsp</url-pattern>
			<http-method>GET</http-method>
		</web-resource-collection>
		<auth-constraint>
			<description></description>
			<role-name>role1</role-name>
		</auth-constraint>
	
	</security-constraint>

   
 	<login-config>
		<auth-method>BASIC</auth-method>
		
	</login-config>

    
</web-app>